index,miou,bg_fraction
0,0.538959811162459,0.39738472954814386
1,0.43911313440643535,0.5548327949008993
2,0.1827629243426686,0.587462470026397
3,0.3503946216951475,0.45276187779373395
4,0.45217290038835356,0.41838611342050236
5,0.278146251973046,0.8297057880391214
6,0.5547729496760399,0.9865132801850551
7,0.4298813960046421,0.9930259997471661
8,0.19689236352012965,0.8993854784489219
9,0.09719991520055486,0.8660458600300789
10,0.3101327713639969,0.48440477384414804
11,0.23345963853221582,0.4838246391275772
12,0.3724344442389709,0.45162730297865433
13,0.3214684601434783,0.2936085490227947
14,0.2195602646354013,0.07447512482704687
15,0.20696133574849407,0.0
16,0.28340045215509907,0.3157096643752527
17,0.19093331676389758,0.16507981239557962
18,0.13309269597417359,0.09524870382372003
19,0.30048539577675604,0.4120266467172527
20,0.13869043203421183,0.37451782244264625
21,0.5415693254485251,0.03411091549295775
22,0.24527302731536113,0.07956386916074823
23,0.9585110312873473,0.09618567184415688
24,0.20684104374537454,0.80403412006157
25,0.36671677990002394,0.5309421717464364
26,0.4947801695202691,0.2819396716303933
27,0.382127774633259,0.0
28,0.38781407325262784,0.0
29,0.30906594949168337,0.1822305931911619
30,0.35695776382823063,0.7481976615036653
31,0.15371772624016006,0.22245604190048635
32,0.8277090236728153,0.5461039740665146
33,0.3958777866378342,0.6220660097732916
34,0.5000326077985259,0.765081647324638
35,0.2797800645051944,0.6730194851372493
36,0.17629398881786074,0.18124088041266775
37,0.05958694138082835,0.6526305241006113
38,0.22966554779221515,0.8165783733250234
39,0.2338474466856715,0.6156567669922264
40,0.5801590768396455,0.8379320955995486
41,0.6418449781927984,0.8222173497049913
42,0.3836770345429605,0.58661514429006
43,0.1524519410204348,0.6581481853825274
44,0.4200993928945439,0.24766756567775447
45,0.4388366424066457,0.935385906375497
46,0.4679296306405978,0.8472993285900391
47,0.7020020016380103,0.944473631036573
48,0.5636482246074584,0.5869075853197733
49,0.3603355390360429,0.486325407538158
50,0.3459549724550115,0.5803259720310412
51,0.33741066074672843,0.6905052526263131
52,0.4821518839527528,0.4676256085981535
53,0.15354862686868342,0.0
54,0.374154095600777,0.7939503205128206
55,0.49621901137375773,0.6753382102415072
56,0.45737000547660706,0.1903702158240026
57,0.0870798194923916,0.0
58,0.09245300486695623,0.0
59,0.1966032435295638,0.0
60,0.2765785172561482,0.5969989506820567
61,0.14174112372177056,0.40758597235281174
62,0.4494765713811392,0.28515659461843845
63,0.6470242791731475,0.7506143990975384
64,0.15235077351576284,0.639741016144081
65,0.4904278255935943,0.21244687806472703
66,0.25005354787182993,0.44135495739327174
67,0.13000203406635952,0.314391959798995
68,0.10240920028762042,0.39843602194614364
69,0.11336153074383971,0.3986168799679521
70,0.19566895801170792,0.2882117882117882
71,0.13519341401249893,0.14896719319562576
72,0.4123744080001597,0.274357779848263
73,0.46351052301110995,0.8030976683991901
74,0.9156999793339125,1.0
75,0.19928607388842554,0.9365863535128569
76,0.4813955767193598,0.4858221892025755
77,0.3068857502120389,0.5832657694178693
78,0.3188616370749725,0.45091570697376837
79,0.22673535139974738,0.8092406118357325
80,0.5273752365090543,0.6280295047418335
81,0.4876681578485512,0.6730075637352899
82,0.4525499730379147,0.8240123871808976
83,0.2616860285419827,0.5006756032171582
84,0.5092134275470747,0.544109984368111
85,0.3749245456667084,0.4568670258577523
86,0.31136513542181005,0.6735462527039063
87,0.5426876566758069,0.39928560984270883
88,0.42012479081787896,0.5192338547934215
89,0.4023180329709028,0.6943895331064419
90,0.4384282379876861,0.8178855070467796
91,0.3843187996519892,0.33717021962337124
92,0.3644963132575937,0.4926952650748685
93,0.16549532888146995,0.6752961257952723
94,0.4552711091299253,0.5442924842035252
95,0.9065416631981219,0.761143835476836
96,0.4643583212225269,0.373815099810416
97,0.688112627447371,0.5587516525780217
98,0.5988256606888746,0.46852081913998317
99,0.26577100862872705,0.4627352319613565
100,0.36217727222158214,0.6924973935359692
101,0.2729324711600461,0.5001877190055064
102,0.40252099351701404,0.6615017878426699
103,0.5883004720763676,0.4578235412881082
104,0.3366857395394851,0.2525336132757298
105,0.35258270160087163,0.34572010732514274
106,0.24018706777131194,0.4719707765489834
107,0.3163016412447543,0.6400757651281029
108,0.19533574421165562,0.0
109,0.21032408994033322,0.5045487335684514
110,0.13856360099401493,0.37809551497211724
111,0.4135054321282083,0.6401247274135365
112,0.3043472243381433,0.6795072308516337
113,0.46780125716372606,0.5253292496171517
114,0.16284459607547552,0.6612425102491327
115,0.22713623016855414,0.45823074963918836
116,0.23769739684399863,0.5943142064417548
117,0.2390832694903441,0.6839213480715568
118,0.47103287638566127,0.4503536861511332
119,0.5434617898895103,0.49376157619425615
120,0.24840147516524871,0.5487461353486774
121,0.42890363895247735,0.3622802983343664
122,0.4982531721916696,0.5177086664534698
123,0.3239746318288287,0.37905192054038933
124,0.24354519975404154,0.6206910486967064
125,0.3885752130776082,0.4620840700851953
126,0.3382536562830847,0.4229788088781762
127,0.46173328261820007,0.7445940241099489
128,0.36375924618614874,0.6626066999516831
129,0.4642959338320333,0.4825951290675528
130,0.6142974197263859,0.47659102370146245
131,0.27555145926825786,0.6838984307164488
132,0.6342599759740424,0.37199605180992285
133,0.2668318958572874,0.5354820238046546
134,0.35587183902245456,0.49879016937628734
135,0.3700161112511728,0.4554976979834737
136,0.3758008425553991,0.5891992250565063
137,0.3358505468280264,0.5422206175933398
138,0.33790595567423093,0.43681495809155385
139,0.4740631453075326,0.36657687657751287
140,0.414108463100259,0.660022391938902
141,0.5289449573980388,0.49063715465736396
142,0.3621141746605846,0.5046917828774935
143,0.34071339742740314,0.4925778756871384
144,0.2690605383777291,0.6299108823898582
145,0.3379431008029539,0.5882447185919297
146,0.550307941657983,0.3393985595923526
147,0.31418108674015877,0.43896197368947176
148,0.4507699567786573,0.4775755638572028
149,0.6893806039708796,0.39019211122017666
150,0.5034367915236376,0.5013903299439718
151,0.4418129217997696,0.29668058119932567
152,0.4475013808209315,0.32260907888937856
153,0.501166260619683,0.3460564399421129
154,0.4064475306240711,0.45829475463950725
155,0.39721057027278367,0.6222075690364864
156,0.467843160737315,0.2985215161471272
157,0.2644630787698946,0.5537908496732026
158,0.35018775789154905,0.8765638696310463
159,0.4243008551332494,0.5379408123327609
160,0.427217640337834,0.5082344006075868
161,0.3163917504271241,0.4027235406027836
162,0.419908954056794,0.4593896431575153
163,0.7183175806901695,0.7118373958251691
164,0.3480882266875637,0.7089699049851409
165,0.41398210220754983,0.14277085388688668
166,0.42679463284354097,0.48386130307993447
167,0.37521791416920797,0.4459969485264595
168,0.49628958829037906,0.4865641844679577
169,0.4055189385321714,0.40803188228080933
170,0.3364722688722492,0.49955260910237115
171,0.28065299423324824,0.4353618288658134
172,0.48347817278277805,0.3039700255102041
173,0.7300573547509699,0.19875169498285075
174,0.33421814720382376,0.46706082814969924
175,0.44209109769205074,0.6914588642155078
176,0.6108826768302594,0.4809244861007562
177,0.6884871425153266,0.4248140061458839
178,0.24662364567337217,0.41802480633281125
179,0.4584946391535271,0.5390472995639047
180,0.3401396527569845,0.43902732876849865
181,0.5748811400201826,0.4938545920409961
182,0.339745623370144,0.21253644909361555
183,0.43285893921688673,0.4021601153208976
184,0.19232362958134802,0.30836776859504134
185,0.3024613685239445,1.0
186,0.13073231399579105,0.4990673638504113
187,0.4366308371499782,0.6050124190724379
188,0.1754574629128361,0.08877100268269561
189,0.3676820490141272,0.21435470240251117
190,0.14164665434320264,0.3298615807746066
191,0.21931458017704014,0.4570389519344521
192,0.06919668159550425,0.12395198745400808
193,0.658289788023005,0.004705644754114915
194,0.526326894949568,0.3290226110852917
195,0.2416586366728325,0.0
196,0.29707397851687417,0.7614458554744964
197,0.22871067501062572,0.9332528866174522
198,0.46533427769353486,0.33625531573457434
199,0.32582334714033884,0.1309977652162482
200,0.20854279266507394,0.4305060153557826
201,0.43570622033186923,0.017707890636067432
202,0.6092449338297785,0.1417901384503279
203,0.174849525345975,0.0973948543826674
204,0.30555659777784516,0.23927170054186475
205,0.4770489305425961,0.3219661044905365
206,0.2718098122852674,0.07658076966738563
207,0.43459379221242234,0.19991092576472255
208,0.31550225884421174,0.005346263831903519
209,0.39467201851541284,0.3736265980476249
210,0.42092270324409187,0.027543484402114692
211,0.23838352862658224,0.0
212,0.33876874532079504,0.021758454887066143
213,0.3497150450572103,0.9878531977907629
214,0.22458874934351164,0.35519951015409734
215,0.22652049860673543,0.5738148890864361
216,0.3047633591317376,0.19350896524090955
217,0.11916512882244334,0.1700159876955457
218,0.1963167075628496,0.2790943757861321
219,0.31997380984288337,0.351433157532676
220,0.36976865193957553,0.25429463296747556
221,0.25227290210984477,0.4490291757692072
222,0.17753871327667478,0.0
223,0.20480405850423566,0.928708527556896
224,0.27962886434127737,0.21321721738405766
225,0.2605030053657373,0.48455531893317105
226,0.3034106561713163,0.9692589661348773
227,0.2685735444371114,0.4884928065227181
228,0.14846424272068107,0.0
229,0.2725023138484678,0.5306859930537432
230,0.48041318634387675,0.23566777830713037
231,0.19161016405089218,0.47148510475884375
232,0.13935445677275765,0.38717474761837056
233,0.23510494374151936,0.2580123081841432
234,0.40717403346618686,0.7906480925669103
235,0.35735369122165905,0.7068758039752687
236,0.682339508265769,0.5267457289766131
237,0.1883975060708236,0.32974151485293807
238,0.20332860812359682,0.0
239,0.14061134621625077,0.955196443076397
240,0.3035195979139923,0.4331851017164014
241,0.24233838400492838,0.9078723588250555
242,0.22274617420967327,0.2241739398069778
243,0.25410643112040454,0.6260261614794768
244,0.6156252557029029,0.436164516914091
245,0.3088568139350186,0.6486800293326815
246,0.1670082135796639,0.7560099307672123
247,0.12034488618587161,0.6202778204931058
248,0.46950171758591064,0.33058147882268485
249,0.29763066209691663,0.6055704208221844
250,0.28836638413310023,0.5376170751117187
251,0.3352586555551704,0.6000182890585707
252,0.42360270646516524,0.7866900252805251
253,0.045953924036613476,0.4320608115221832
254,0.22553677459131338,0.04942835626754296
255,0.1783264304135807,0.013526766088397417
256,0.1385474933883087,0.3616176909136788
257,0.20167170956120867,0.17319722612870375
258,0.19377738036336112,0.7491330096569386
259,0.2125029379752756,0.9177128047298939
260,0.3504444154567987,0.9494627368934209
261,0.2022012925238179,0.6328399111424834
262,0.016108834244080144,0.0
263,0.3491737934697473,0.17972155219838348
264,0.24049589781431652,0.5768201225582373
265,0.27903810286776387,0.4983358277302477
266,0.2829612366298655,0.5527840003228996
267,0.32252984374482985,0.48576735442868013
268,0.34320170906842823,0.3691915849427431
269,0.4978901259964526,0.3413517545831715
270,0.43519629336585275,0.7136006596363321
271,0.4574008351653202,0.4963043741669696
272,0.1988578841835006,0.4750512784062062
273,0.3517686319000492,0.41042267050912584
274,0.4033961504248545,0.2659029822091386
275,0.1364706621693903,0.11200677907178863
276,0.07899830763426437,0.06333672431332656
277,0.3696284294367521,0.543612727899572
278,0.5697087061122594,0.94075912710725
279,0.26190060581524166,0.91161027429197
280,0.3203257025900879,0.762796478072208
281,0.49341191570940374,0.911480417177421
282,0.34319425670199233,0.7321807703973309
283,0.3914545969734619,0.017972970259252565
284,0.36683774817346426,0.012890789711463164
285,0.15275655158015078,0.49995876798746547
286,0.0916408099473672,0.0
287,0.3172356809808184,0.9617322866263778
288,0.1092052757854342,0.2004879040455377
289,0.1335746927256623,0.009376851541770783
290,0.3750357069314479,0.5563411489807429
291,0.2843963528290423,0.7862308536139438
292,0.1136977171705818,0.20960931414750134
293,0.28647951855171755,0.7598289758207195
294,0.22550320018777054,0.7594618509431685
295,0.3407065707056667,0.48965112870126065
296,0.2015596771482225,0.43466447097571015
297,0.283698633931851,0.3661673437850502
298,0.31560010280133644,1.0
299,0.31786877960662036,0.5609046126287506
300,0.2809778964986615,0.5719951923076924
301,0.46295950223650706,0.5310828742611283
302,0.319104057363364,0.5474792713187677
303,0.31162684477526975,0.12091636720026135
304,0.4869374150203364,0.3546582440494622
305,0.2720738457495007,0.06762167273605214
306,0.31421857974961015,0.20064861816130852
307,0.23442992344600308,0.24559392463103596
308,0.2787837753262156,0.3136936656513329
309,0.16863460207396963,0.4331553016188465
310,0.3610961200959449,0.5106352922182757
311,0.5341574105156099,0.758682550240874
312,0.3443111792661757,0.21241926345609066
313,0.4135109174285392,0.39898153012973364
314,0.2901738881648029,0.34631110303470836
315,0.3342063304032959,0.5871127930958531
316,0.21464400973787848,0.7282741248675556
317,0.4111607087531042,0.6463825965472507
318,0.4048160302359245,0.5168770831229169
319,0.3748528854591102,0.39639422109541633
320,0.2537097695435402,0.551471478745307
321,0.4667121240181862,0.3195495513579702
322,0.37556337329505884,0.5592760180995475
323,0.2559117633931307,0.18255642508789838
324,0.19272004496504475,0.8461325200998059
325,0.41082592394886996,0.6371514388927223
326,0.46864816837206624,0.2672055799701649
327,0.4971115069781328,0.8099603060932193
328,0.26515663664772293,0.15018474695894052
329,0.3720270969927315,0.3541411012090366
330,0.2616977349219596,0.5197033384528332
331,0.16248652321971432,0.37632405502003685
332,0.35133699257999607,0.15114423640146235
333,0.3684973920663321,0.7892806654510439
334,0.3195791194727543,0.5311651958375179
335,0.1117851339271269,0.12816038225823206
336,0.566870871874197,0.0
337,0.42428014428818406,1.0
338,0.6852371114587903,0.9970266990291262
339,0.3237250880326989,0.9143372956306544
340,0.2846817570743495,1.0
341,0.0604977220581756,0.1489490093533139
342,0.21435494632605498,0.7559231291701626
343,0.1647000929441845,1.0
344,0.27084805138978574,0.2627166351682818
345,0.26797902994158523,0.7601612021304603
346,0.17502019543891043,0.6459433752251432
347,0.14816930132321987,0.4167963311768078
348,0.30112707339575656,0.15570304121729628
349,0.45530662312830367,0.262873947875469
350,0.22663672219910827,0.6661774897069015
351,0.19424563761967972,0.1994112581853135
352,0.19165796843018065,0.6944948212630476
353,0.15692676733865007,0.06001825650387951
354,0.1781029929698338,0.4874654619526854
355,0.11466176041380201,0.5158065157497088
356,0.25098982520731566,0.0
357,0.17255436510809247,0.2092258663116705
358,0.23205731560746212,0.10347110754414125
359,0.3200783844802253,0.46277625826029667
360,0.43843653561578283,0.0
361,0.24248148848533171,0.0
362,0.18678924213497136,0.0
363,0.3573528534626092,0.013808373590982286
364,0.6763336727953737,0.14235298945381428
365,0.42465547782948815,0.0
366,0.37627494946418527,0.1114715611994451
367,0.12035350633793349,0.48237408602589765
368,0.22469107506722952,0.31952068550006696
369,0.32329499074994467,0.8180159357703303
370,0.3483859540158495,0.9811854433416674
371,0.3245278660352521,0.17736379294714893
372,0.43401290582758295,0.8103619482647336
373,0.3255296279895232,0.74106103776235
374,0.3395530257448607,0.5846331113172021
375,0.24898122153806915,0.7487538976261465
376,0.30882899354099386,0.7983463189696295
377,0.5268141663539503,1.0
378,0.18183726428043234,0.6773293081344858
379,0.3855658841361259,0.6779293444080589
380,0.31025894552945515,0.15370882978296627
381,0.33419485456898707,0.6535083265637693
382,0.8425774272522016,0.24121992572259002
383,0.15149040821151155,0.04370668961456588
384,0.24954245061429078,0.5046394403867914
385,0.17309093121926883,0.8686477088787194
386,0.25446239637549795,0.2997904818916492
387,0.24237602911300488,0.17099385817978782
388,0.30908938443853473,0.38957692461347926
389,0.24597628242696423,0.20308843238053328
390,0.34423582786751844,0.9306884903080511
391,0.16531045353048074,0.3719784418614005
392,0.3696280846662482,0.32110313197755114
393,0.286774156895047,0.1254233870967742
394,0.2971372498307335,0.6399447961357295
395,0.16350247023970596,0.6918607386497295
396,0.35912209450110866,0.8472004186289901
397,0.5468769486779801,0.997257953949756
398,0.3656066403626424,0.611020365967125
399,0.09996644800242989,0.6110428265008556
400,0.6369854795580694,0.0
401,0.31405059797722296,0.42732284253783703
402,0.2429370710539555,0.2654335319763692
403,0.3136682918223251,0.7436761877184637
404,0.35446130311564666,0.8459457156248669
405,0.18857055767867018,0.7730147148242734
406,0.2903968232430809,0.8634450380443581
407,0.18747090770319588,0.8825194303427827
408,0.27874445244189267,0.8572331274587741
409,0.18462360708728667,0.6074648110074332
410,0.32706804354775004,0.7022189680069966
411,0.3214024493183979,0.8940465002247374
412,0.4377034380727449,0.8460412643561338
413,0.4512287823498539,0.6876223091976517
414,0.23250582578171827,0.8006835103136825
415,0.35995717312679065,0.8577126560304208
416,0.23061152950796424,0.8903902677988244
417,0.4187680579315727,0.7670863847704189
418,0.1890571793590809,0.0
419,0.2858919909717506,0.6108290681530906
420,0.21462800407320629,0.47269741343916793
421,0.32318619745994387,0.5373422873422874
422,0.31884854744895696,0.37234474939568313
423,0.2617363707078194,0.568836800229081
424,0.34939144461796945,0.5593737671559976
425,0.49693772625862603,0.5452888276756056
426,0.27579356216976164,0.07114179196198124
427,0.18862221816614946,0.08449596774193549
428,0.38567511676742955,0.7901849360454609
429,0.5305497235391937,0.6669215643434564
430,0.2808355090647809,0.11932334929970291
431,0.34939771333978764,0.5316136268049909
432,0.3004430015508178,0.3729044794013684
433,0.5456406604853616,0.47064819811716735
434,0.4446147208670012,0.22830018986709302
435,0.3799338488968306,0.15691606350221937
436,0.24105449035720683,0.10847315603615107
437,0.26558560548427984,0.12098317719351265
438,0.2716478030958198,0.32960032460945426
439,0.567891401311422,0.9092471639738742
440,0.2553352868272141,0.31129301048916774
441,0.47131453435363646,0.12262431658422286
442,0.27490451822018264,0.5333219751824403
443,0.29594643185759967,0.3277201553802411
444,0.48443272613588456,0.04898254644896646
445,0.19503114918624356,0.5750559794778147
446,0.27450131137897177,0.6870951781216265
447,0.251210230892658,0.42526011423695875
448,0.2757193984817125,0.5685604622717112
449,0.23664217433982063,0.8381537323856867
450,0.24088475253303704,0.06185005575581546
451,0.23615489311513843,0.19940945274624425
452,0.08929215349458465,0.03764108018672812
453,0.27180769692203705,0.4846076458752515
454,0.493820953762361,0.23803018071166862
455,0.26551685011585713,0.628154235901937
456,0.08867763083386965,0.0
457,0.187846898366399,0.6924995876628731
458,0.382853713857908,0.49811907614063844
459,0.2665906992475266,0.3793428770663276
460,0.2905442282293279,0.45834753949312423
461,0.540323158486382,0.38596491228070173
462,0.2531874042400962,0.5084708591479796
463,0.2042999386220313,0.1851802551303383
464,0.5719790925284466,0.28786791098348885
465,0.3016125354443071,0.38664274872360976
466,0.5657179649370194,0.18338621409254488
467,0.3949440350168937,0.35533993171111206
468,0.23337473823612656,0.1391587212563096
469,0.2832493101395743,0.5631103825641263
470,0.5202890203573408,0.37478967455985557
471,0.22242185400828887,0.3291743228024421
472,0.28105549445019185,0.2225950279228968
473,0.35585966531675634,0.4893180793045475
474,0.6444305938984882,0.3242500619783489
475,0.34289422560205124,0.19182242468904223
476,0.2634004763224658,0.5778324191412899
477,0.2915855168977561,0.4365053050397878
478,0.31619652547840976,0.2471174903036859
479,0.4900279556283135,0.5327120905608402
480,0.3520523026216139,0.4232403097623935
481,0.22531083388083112,0.2743200467751366
482,0.41609557405778624,0.18352588214221743
483,0.301310679528329,0.16771822488475346
484,0.21997486324948495,0.4284840078328982
485,0.517689049287353,0.1189815610498662
486,0.2811545418339512,0.23296789350039154
487,0.5868233903181616,0.36202552558754286
488,0.29408376335095454,0.502910337678906
489,0.2269167249793,0.01757515558168292
490,0.3738850750605612,0.10109234551977105
491,0.20858280209247276,0.2283521662940359
492,0.32381916383497855,0.7010886967659302
493,0.32615515023383995,0.3973282609646246
494,0.133309466374828,0.3825992141049643
495,0.5379871382600078,0.2010427695319523
496,0.25847966798144323,0.5767689702176876
497,0.16104444059368336,0.6663108191336481
498,0.3744626444410992,0.8037283857683707
499,0.07760862718412441,0.12359732912918482
500,0.19816890479008342,0.48013925931958384
501,0.14380839058516415,0.8111005120996084
502,0.22811650603311892,0.8303376070997689
503,0.1950979990561778,0.026099313491984067
504,0.29066704399897114,0.13318300843759093
505,0.31259708144045506,0.6314979690641284
506,0.33221420915322303,0.5244738376183489
507,0.5754252979958635,0.4257973618654796
508,0.29154258019948676,0.36254477776221256
509,0.30293576145051193,0.44520689941122815
510,0.4735467078135471,0.5500050155481995
511,0.4154994220969288,0.8172156643802839
512,0.25941346544139166,0.7207775256531256
513,0.19472652776819607,0.46740062265938725
514,0.3769000307070325,0.4917541828055744
515,0.21947757140915625,0.3298688544714283
516,0.44481191300955997,0.5555310709563684
517,0.3018832755398478,0.25020085161082994
518,0.32547713364419273,0.7061498750358504
519,0.30613737656206436,0.3613628126132657
520,0.23878821953930207,0.4289978854844728
521,0.5314771125914611,0.5968544050458902
522,0.2282202191274639,0.3735422000081271
523,0.19236653308589158,0.14811926330313757
524,0.2848359319736758,0.4598232384659045
525,0.1881720326480079,0.4585393417149315
526,0.20369926441948452,0.515831187640811
527,0.2326643648978407,0.2796437341324343
528,0.4155645152515476,0.5453543435662965
529,0.19138337528829366,0.5678121664887941
530,0.19789776893158462,0.5311023222796877
531,0.26605855775784704,0.5050408065290446
532,0.21613351086588528,0.8862121461487821
533,0.18558439454196632,0.7178473142391194
534,0.2290851260469571,0.7381153815163968
535,0.22763763892591538,0.0
536,0.4884327489552046,0.7254806423452504
537,0.20339979311524928,0.14077136636906545
538,0.3575043592230421,0.20797811807455027
539,0.41303498627277785,0.027628803856583308
540,0.2421240068595141,0.4733805707205638
541,0.2928631629303286,0.8271940213174337
542,0.39595207461179466,0.367484098091771
543,0.2575749664246908,0.528683440608543
544,0.30340739166683833,0.4451819957740302
545,0.030724477300978124,0.0005302564320105202
546,0.5344563620140312,0.2635045849517479
547,0.4749259887052582,0.5699106929271988
548,0.39337200140655476,0.1607666966157532
549,0.35064239472900816,0.07030368938295473
550,0.22604200662166604,0.669774011299435
551,0.24064043117077388,0.6447689050453401
552,0.31497022713121126,0.3585751978891821
553,0.5017767834164936,0.2804173842569142
554,0.19176622199398793,0.42387012726726125
555,0.30991665467372104,0.2614229960972681
556,0.4753805698663915,0.076940250040591
557,0.8855351953598135,0.7992343370389458
558,0.35698768008141585,0.26132489537613557
559,0.31639343849628576,0.3603916095398383
560,0.5246093915099147,0.3551977939536487
561,0.24338671614310475,0.8314230082100488
562,0.11787246610035654,0.7640666040145546
563,0.4316966467532197,0.39556852263685144
564,0.30232219535998817,0.8238706820194863
565,0.34700769940827847,0.39166365788101254
566,0.22537938986680672,0.0
567,0.1590376263438935,0.44504540867810294
568,0.474894333600982,0.7547188654748826
569,0.17057192777808336,0.5969329227796897
570,0.3899992141894687,0.36381941927429423
571,0.2544504831815462,0.2864169427450662
572,0.27951863204096755,0.7343
573,0.34601830801304573,0.5536419592196804
574,0.14579512394903393,0.5840475532209013
575,0.251050335253055,0.0
576,0.5436173761038099,0.042907487171032294
577,0.6458601468697621,0.7965112591183
578,0.21444368422781018,0.32687306501547986
579,0.14354410759254776,0.0
580,0.21671986665170692,0.0
581,0.34700164132053996,0.6751534626951757
582,0.20149578904931167,0.02830396696534167
583,0.2922605236789064,0.14224120480952188
584,0.2431528263069222,0.007931408377173607
585,0.3513028599416624,0.8106580055335018
586,0.3545919425031935,0.0
587,0.2643718430835506,0.4121106199239231
588,0.2698555704955954,0.0
589,0.42192238862779813,0.7482516085201615
590,0.06977527971639673,0.48137059214903527
591,0.5141340639920778,0.2142929425813111
592,0.17289223706004622,0.49854585406837715
593,0.20250306767805734,0.8763890849686384
594,0.22592151332525853,0.6935533150015276
595,0.3576750873748226,0.11819974247545469
596,0.35619161596913895,0.40621900826446283
597,0.21952318096323556,0.6346224005837285
598,0.2534317090614023,0.12503748725433353
599,0.1950516995728551,0.4826016406742991
600,0.6135007520763848,1.0
601,0.5681409663982362,0.8296412068496875
602,0.2563597899293576,0.10506814310051107
603,0.14585763651586442,0.005386321459285747
604,0.29202781846060855,0.47542745877532805
605,0.09022919865779445,0.8953663710481253
606,0.2195885971961496,0.7701206915298466
607,0.45808648008077146,0.3386973534927875
608,0.30640356834332455,0.5712546622461666
609,0.3541094326269283,0.0
610,0.5489861260459761,0.4332828202265114
611,0.2793743763590099,0.0
612,0.16025030459929052,0.5374978324952315
613,0.5392033111978702,0.0
614,0.14643156163868806,0.6493947446117508
615,0.354848247244949,0.5991551889814222
616,0.3782271040068764,0.22874421203895898
617,0.45495608028276385,0.4266661269757746
618,0.3852258726811344,0.2136259126295833
619,0.2633872922482457,0.24464596782457218
620,0.33770529855110565,0.156087157716838
621,0.574467370097881,0.6753625520445723
622,0.1461177101676763,0.0
623,0.2813300701630136,0.5346407587880246
624,0.39171979295392706,0.5119409026512851
625,0.11675746841070382,0.0
626,0.3015789252437218,0.0
627,0.1988542626788049,0.03738147337709701
628,0.25321354640027216,0.6085425011573841
629,0.33071179621777097,0.5944140373470702
630,0.39197921339016994,0.6591134600976044
631,0.1790346316585121,0.0
632,0.33430439183827165,0.6807404730800234
633,0.1372682863915142,0.7872035910613798
634,0.23958398792608765,0.7300156582486851
635,0.2155571531245532,0.28772809304190894
636,0.5075186856892901,0.7577052550948417
637,0.6306912390677362,0.3621850586425303
638,0.3972946849733188,0.702325682774254
639,0.29545243746472466,0.7189122274578708
640,0.5568046391914218,0.6847213588144464
641,0.2677079569350816,0.1501443500182979
642,0.29881651424968536,0.4187938288920056
643,0.6730358032603373,0.4759887005649718
644,0.25973861144319066,0.29539598203087586
645,0.34268874035381636,0.50660444354266
646,0.31485639133103216,0.5148877589537492
647,0.22612757601629888,0.5127830378513482
648,0.21201594650277344,0.5460442936008421
649,0.4688356257550042,0.48766739956026384
650,0.2307495206429418,0.8094064894429526
651,0.3552695714746911,0.5815568862275449
652,0.24382137644239799,0.5996763488877054
653,0.23298440651563743,0.0
654,0.3908369181193724,0.6716908918895674
655,0.23357823146562942,0.0
656,0.4155528968552369,0.5853089778468713
657,0.33413377525662147,0.0
658,0.09414012444902904,0.0
659,0.3940458389225238,0.23570897546665595
660,0.4483034045196265,0.37123273657289
661,0.18286119082200375,0.6997560139535821
662,0.29731741533290656,0.6145450060638451
663,0.39578489707782716,0.3446714743589744
664,0.1914068015269737,0.2156766486663394
665,0.23002598621933742,0.5343081750833036
666,0.29460601813086057,0.6824096385542169
667,0.09621965015705601,0.24622128987144318
668,0.19463759055996865,0.7154355393685735
669,0.31373697076723495,0.43571771867991027
670,0.3440530989691201,0.34497212305964464
671,0.15596363780024353,0.05753831145075403
672,0.27814893013116865,0.5219578017664377
673,0.15814668126594936,0.25928812678617824
674,0.3639830298906301,0.4695162160541934
675,0.24410648224054185,0.004337913362790792
676,0.48558008690370746,0.1244452587435365
677,0.44776374909070077,0.45241401657177244
678,0.10118167167210422,0.3739127704336358
679,0.19575634749513612,0.4199201419698314
680,0.25080865630615756,0.0
681,0.26975452456844473,0.11673214792012637
682,0.3330100506547967,0.0
683,0.2367813736320279,0.5521473641359658
684,0.032438329725201547,0.3142490835152948
685,0.19860068428189293,0.8981025433992733
686,0.29051709775751455,0.2709522379092821
687,0.16542344952500507,0.08686194589343414
688,0.1929890960731855,0.18813366002027712
689,0.44113266167292375,0.005922386621429002
690,0.19620487234892586,0.0
691,0.515909219846326,0.21193295278052324
692,0.16974828768932884,0.025582834743140086
693,0.681680107038078,0.7578152404927471
694,0.4837971674275182,0.1805580702919106
695,0.25174074094316706,0.6610651551264847
696,0.3011006020052906,0.5041504697116942
697,0.36648320411499136,0.489350191355922
698,0.33734136388191627,0.3250179612037998
699,0.3238516442060393,0.46777883505759926
700,0.3494274299081226,0.3105719729214804
701,0.30963931415824303,0.5370842437484826
702,0.18342831333570608,0.05928908913299177
703,0.14348864031364,0.407136836189941
704,0.39462762528548023,0.7068379297317718
705,0.5071550826947163,0.3799484270242393
706,0.08704814946249828,0.0
707,0.1755816708478506,0.8249692705463485
708,0.20034202324423758,0.7851314052562103
709,0.1871535384756489,0.0
710,0.5203781310142264,0.5274558691532861
711,0.11335566288318283,0.3686316761582269
712,0.37789194507025053,0.39503882361025217
713,0.6593217926295099,0.7947298494242693
714,0.5055920260036647,0.586745308744218
715,0.45899427520713404,0.6384069243348889
716,0.4658817240250824,0.28291657911325907
717,0.612722628207599,0.8256290345144593
718,0.15985030740443731,0.9754488478394043
719,0.27768365440917764,0.0
720,0.12946546252947605,0.0
721,0.39912882059368243,0.23992044838184776
722,0.25925693844398845,0.3285939968404423
723,0.27784485528463876,0.6635749571529388
724,0.26598409611573365,0.7560911551981898
725,0.3835406281836791,0.5136014786836501
726,0.5741245719501542,0.06628257887517147
727,0.20417877720642644,0.3935186143244418
728,0.26848297248863506,0.7620221701044361
729,0.31534941401227307,0.5585841577211815
730,0.21838841947207127,0.6473271704180065
731,0.2053783272675559,0.0
732,0.3068345117418879,0.25468389940887687
733,0.5828112492293204,0.9107308795604218
734,0.2783208425848867,0.4475929933444939
735,0.4627757316728583,0.33821618428824574
736,0.3548026412553594,0.4418736233758361
737,0.3580429778634829,0.4739041903332976
738,0.4682609899235982,0.3486532835670332
739,0.6687601398865775,0.21222951140703025
740,0.047597587425473514,0.0
741,0.7780517932976997,0.643515464123633
742,0.2649120703731711,0.4010060725093693
743,0.2845964732259612,0.1337706617749686
744,0.14872987471450133,0.7155593009846536
745,0.22819662202425056,0.19914485095397524
746,0.17650191233449106,0.745708365143418
747,0.22104284274366764,0.5577380952380953
748,0.15513143699708226,0.6245297215951844
749,0.5353467469487603,0.7375531412376004
750,0.24590911149821595,0.6435809149040826
751,0.34991617893546023,0.18090345813694858
752,0.24477442052980133,0.0
753,0.17738980270294363,0.4639793994201018
754,0.41584495509295116,0.3860883862688482
755,0.31965174537219754,0.2788439920698183
756,0.47166126489202786,0.315666470217652
757,0.4972046693215535,0.3414985883452156
758,0.7828175611044763,0.5801444629306497
759,0.7107350454299132,0.380730856338373
760,0.7631102665534273,0.4527548683863908
761,0.6620750683404796,0.3543621970129764
762,0.8036635454581865,0.1770480498144129
763,0.7834769308178035,0.28190573770491806
764,0.6798965786524978,0.3760181086925766
765,0.9566466821526456,0.3589982197766629
766,0.8455549303742256,0.24422515804830605
767,0.15585694866028674,0.7817940199335548
768,0.29657311208308695,0.3144568803254468
769,0.17420265377138325,0.6634225956597957
770,0.1493654184908759,0.038685586258401794
771,0.4379378880195977,0.6276850786344457
772,0.2418381567463454,0.5319114261850924
773,0.5866314214938843,0.8267360416249749
774,0.30748663692727984,0.5283181754301431
775,0.16402646308888558,0.8524460913785628
776,0.2604511533888859,0.5093399750933998
777,0.39917957646272995,0.029233540779561088
778,0.40876386883659077,0.3406863238401932
779,0.249675073970562,0.23879776972854178
780,0.263263623207082,0.09764561644120275
781,0.5627862694499272,0.23506303489467462
782,0.28171218334040027,0.5270881964883791
783,0.5081277530114622,0.24282094594594594
784,0.23508263949846744,0.3020332875772134
785,0.4845157614075614,0.4314592673371299
786,0.29464770130373336,0.12060982267424226
787,0.26426244959114376,0.7389327783726992
788,0.30527821390192716,0.12802739949441408
789,0.37410313833126274,0.14838864838864838
790,0.22931259595247303,0.6776965448172259
791,0.4374230623175268,0.3815074763503204
792,0.3777656211379493,0.06209729381443299
793,0.4186034841397141,0.16129097613355484
794,0.419824850976785,0.30283898905279344
795,0.38730846985892625,0.06886898096304592
796,0.5028558650794407,0.343417023882425
797,0.3328433294179153,0.041780330222541275
798,0.31583608066356644,0.5070464948205252
799,0.2911654902276452,0.0
800,0.528697870939661,0.3138075313807531
801,0.21086896094504742,0.6988747307607143
802,0.25072822820311547,0.7753106841413242
803,0.29234494815848705,0.20621376663672736
804,0.5626048320847148,0.32858913365050174
805,0.37535461338178,0.40808032031548663
806,0.314358842835766,0.34842431407721475
807,0.3350866216469183,0.1977593765221627
808,0.3059388689787511,0.2884549156250633
809,0.2380583828747185,0.16591638573187717
810,0.4554296924226417,0.21206991495176522
811,0.6056111091879086,0.5264941535561192
812,0.27846460331269673,0.7248157248157249
813,0.4093543513772449,0.06807121421039825
814,0.26244334925338186,0.0
815,0.6285658932943623,0.3372020391303472
816,0.4525473917411712,0.07447982503661792
817,0.5799992416185896,0.36744448702176147
818,0.17896503082351117,0.11854353735892578
819,0.625653716015659,0.15079511266654386
820,0.290090762954003,0.3991412848475075
821,0.2214781217395507,0.46461570120382756
822,0.41374379781420967,0.20852288739482266
823,0.43173043801737626,0.39084492676757376
824,0.3352570212671631,0.15961201251858922
825,0.21420838394016958,0.3256088531348182
826,0.44557305831434196,0.4211029127792345
827,0.34600654371763867,0.10590710404836799
828,0.42253015019895007,0.599496528482683
829,0.21662125959295506,0.2537617903092242
830,0.2953380242068405,0.38058184191370265
831,0.55441755261904,0.02052392119134949
832,0.5015074070104161,0.34485141672425706
833,0.4748571014424549,0.5466130653266331
834,0.4262761090656095,0.11652611093091145
835,0.31048072038927005,0.1817167417448444
836,0.28360202229613446,0.5876690999534911
837,0.41915959380954004,0.49653447073780915
838,0.23149960633152028,0.11383072839870245
839,0.23103186269198817,0.33316536321857615
840,0.34098525150827125,0.16021720260804617
841,0.19122495836184333,0.23314606741573032
842,0.19509766633813394,0.08806225486105315
843,0.3589932949436208,0.15419086469867171
844,0.40717819189817916,0.26434060311791496
845,0.32998456203002624,0.011123470522803115
846,0.3233721995799757,0.1787658984508429
847,0.3406646661835238,0.32157254041109556
848,0.32033259419969734,0.2874664865207203
849,0.268276097252837,0.010693254533472226
850,0.3454335541609074,0.4240696338981685
851,0.38419503221452755,0.38774553753362134
852,0.38965929721544773,0.37016207063376877
853,0.4087040353603584,0.45036768450428794
854,0.27590367907955055,0.3666286691365061
855,0.2603809599900053,0.3161599099099099
856,0.30993452011307193,0.36045503344619706
857,0.30915927805681626,0.4014998382923674
858,0.20391248060594985,0.03222488858416181
859,0.3774352864739256,0.5002011748611893
860,0.5064736188770395,0.32204503006793506
861,0.4672575021946539,0.34718687002382453
862,0.6235263472869406,0.3802089661037541
863,0.7321545254690436,0.5290967728849313
864,0.22168383135306458,0.14957935263082847
865,0.5213831223497044,0.5634258293344461
866,0.5046191278280451,0.32801182249604527
867,0.37521893802048595,0.4550377220734972
868,0.4153251582435081,0.4497982194642169
869,0.5157223414816511,0.35539175427069647
870,0.4079617178075899,0.6349534643226473
871,0.3570257628485166,0.30391499563194574
872,0.4485335653405443,0.470388091440723
873,0.4209694737968866,0.08804135906591601
874,0.25707062094785577,0.6736808158987383
875,0.6131169285981668,0.9326250323918114
876,0.1651692565986175,0.7622105760556724
877,0.0820090054421108,0.38298446995273466
878,0.1876595946260374,0.6746408607321032
879,0.34140128208715853,0.6093074252299445
880,0.15652350209154228,0.5971145611453919
881,0.49174634642599313,0.37604836306356165
882,0.27109090212741493,0.395536380314913
883,0.2906958924255802,0.8750333244468141
884,0.536422269747281,0.9525428530953393
885,0.2148278285693211,0.6458097395243488
886,0.24368672071395261,0.49573632069556495
887,0.2725730221346283,0.8416927246195539
888,0.2985818068495792,0.5375326013106275
889,0.0993485516988547,0.49837857314436707
890,0.642310066946403,0.3607765197141251
891,0.5404982468686932,0.2425105845054879
892,0.11424158014286453,0.30303090967328633
893,0.33223373339653545,0.9341755927858647
894,0.13988426954945948,0.6082052528197963
895,0.95436685186053,0.0
896,0.4025550347718981,0.8900100502512562
897,0.32238213262498405,0.3058592361880474
898,0.4495695656202924,0.8475246075597351
899,0.30558715746613346,0.12361571417023684
900,0.23561490647667357,0.6246183005159524
901,0.18368906794893577,0.65544002028912
902,0.11268987179245041,0.5656763574909991
903,0.31257517611627855,0.19032918923469816
904,0.4257913338883028,0.1720343585926656
905,0.595346433436675,0.9553326436057757
906,0.091490344743173,0.8140033245879313
907,0.42465411853799273,0.6470346387090143
908,0.17248579719096854,0.5028251412570629
909,0.4032679751793932,0.5819214730353149
910,0.3332324519092876,0.7706282658889294
911,0.2539790377032112,0.9830505013375809
912,0.4402185063039578,0.7397272672418995
913,0.4627989816521065,0.9342685583718582
914,0.30941333669675297,0.9890132765878706
915,0.34399710864134725,0.7605714285714286
916,0.2580592667473168,0.3911005148959189
917,0.23730896641960394,0.0
918,0.36067877854175273,0.33069271188480204
919,0.2227970353179015,0.623208276205908
920,0.2966374280208558,0.4190835030549898
921,0.18576493398042568,0.982474079224524
922,0.1708489532176597,1.0
923,0.22489340982036735,0.976897689768977
924,0.6647425256604168,0.3905745642349903
925,0.40564002640552027,0.27826895269572405
926,0.5392149834658067,0.9203079821968098
927,0.4290377464739657,0.6536022800079535
928,0.1789873018648594,0.6614525139664804
929,0.5304538599202366,0.6703894050207551
930,0.3154543565665747,0.22121549196076448
931,0.6291558034769803,0.35338377206694593
932,0.4719435205820946,0.42718489336884036
933,0.1312301828467683,0.0
934,0.3763941906862517,0.9650598317917574
935,0.3195236004199996,0.6178101681135856
936,0.3911264987470578,0.3016559126312932
937,0.4668026815937294,0.4584090533619693
938,0.31825904827331747,0.3189112715908611
939,0.24980804206171417,0.35272450654602233
940,0.34600129666015167,0.23342847448154727
941,0.9358218584105011,1.0
942,0.26355508456860904,0.21214405720932236
943,0.17267545820295038,0.9679816718819848
944,0.18456719234831936,0.9018221931688184
945,0.24608822310191816,0.41183968572383817
946,0.177393955789634,0.6373684769901159
947,0.45800078157499424,0.0
948,0.3404175699931507,0.24691835342278826
949,0.43653657483586694,0.44434042730241946
950,0.38058546389919845,0.6193959704115412
951,0.28120501747892246,0.8297776442307693
952,0.6535630304937449,0.26571824703116526
953,0.4349420659359548,0.5268325135069752
954,0.12759046976848729,0.0
955,0.27750391983873346,0.12588514635120085
956,0.2680908740189128,0.0
957,0.700137670166099,0.8724591954371701
958,0.35598010390329793,0.49660945328691875
959,0.4951001327496543,0.379315876007539
960,0.4137584756978658,0.4566870523859339
961,0.31351173908152286,0.4639970833080148
962,0.17514659971383562,0.4763237102039086
963,0.38515821968329544,0.3261611605510179
964,0.23996050085115464,0.44412903749062227
965,0.29632937544465815,0.38841953848335664
966,0.3716437969745098,0.3527350514413772
967,0.4191679248165447,0.4048155449169248
968,0.4230793949364069,0.4036013535288431
969,0.30877419334412287,0.5015038205169892
970,0.5171596510755831,0.4699314436916169
971,0.15459649928732105,0.5365228082075632
972,0.23497454927736547,0.3885829846024468
973,0.7675838406853903,0.09692058346839547
974,0.3700035003996141,0.2202546554840282
975,0.40867302421323265,0.03167823816367427
976,0.2973117687158077,0.6470334942945899
977,0.6418091031218176,0.9902053648803886
978,0.5500266141304558,0.9012259018777107
979,0.519258309298104,0.7240167834414085
980,0.3516751268782806,0.8343440855882175
981,0.4121463813131938,0.275714830346931
982,0.20132851008368577,0.226558120912852
983,0.38175103421594275,0.9536353819850626
984,0.4056281542967803,0.7975422677056418
985,0.41921768136331555,0.12497735917406266
986,0.4628030132564872,0.5595887367187815
987,0.5457463917085624,0.6836819561691687
988,0.20905230131965327,0.0
989,0.4513076126522303,0.20303677248149404
990,0.8517069508892451,0.48801442726591154
991,0.3223076161495706,0.4671641192281462
992,0.24535537817575803,0.36710046638561333
993,0.5062405711422329,0.453839935327405
994,0.3003879902304878,0.7413540564732688
995,0.4680910252088639,0.35463855421686746
996,0.30016772738399583,0.6032192998222595
997,0.3191939113047896,0.7205012853470437
998,0.17361856164555942,0.17613863763707677
999,0.28444290899073726,0.5029611988113053
1000,0.38533808167471106,0.2902060717940486
1001,0.22789286916987173,0.23984333779780023
1002,0.3581963331061573,0.31930071335275795
1003,0.4526623649203018,0.24709092368188748
1004,0.3212244839277142,0.490462580713454
1005,0.35511121457901806,0.12895582329317268
1006,0.15522767513103564,0.5398215152218401
1007,0.19145147565415163,0.6657291520180003
1008,0.10075929356175664,0.6111726644212019
1009,0.33130880874420277,0.8359302839243404
1010,0.31439929800877703,0.7688626126126126
1011,0.2987110249995069,0.5377271188353459
1012,0.1618926175896036,0.34347359685874473
1013,0.31578998335365766,0.3402944269190326
1014,0.2642461668714469,0.22047148901873867
1015,0.5076453642494678,0.30280275201428775
1016,0.130316607481829,0.17389249852333136
1017,0.3135227134752871,0.44422481780972345
1018,0.20907069289669797,0.37621889710827167
1019,0.11960551049491595,0.4578155657292348
1020,0.31562639112366114,0.9829761493259592
1021,0.19947167737024535,0.36023716361894115
1022,0.3105738457196697,0.16186875833906117
1023,0.7727410370194924,0.5623268145844547
1024,0.9070128524950878,0.23220173037344896
1025,0.17690078230540582,0.4659410384049934
1026,0.22258225135213947,0.23442119944211995
1027,0.3334995288635938,0.5340552416823603
1028,0.22907141278336032,0.19404749665878482
1029,0.458116033287979,0.18073281185673115
1030,0.06153941361506695,0.3684421394706969
1031,0.17753092953661634,0.7470970598297478
1032,0.340361875414785,0.7916233779461794
1033,0.3970680128338501,0.7741022894901691
1034,0.5000163040790105,0.9162689102823396
1035,0.21259817350901078,0.5240055752117508
1036,0.2293095342941366,0.2947204511499695
1037,0.4650682259449635,0.7880605123490325
1038,0.14736790525156832,0.2853499715269009
1039,0.33638304987090073,0.2816399737280857
1040,0.3838925813262379,0.6660836612738668
1041,0.259724401491129,0.434001893267069
1042,0.3775380322876131,0.7340171562677025
1043,0.007522637135206989,0.8767656694774155
1044,0.21916136099512995,0.6078943694277679
1045,0.43682616445527617,0.49953841213775385
1046,0.17804655630223204,0.6543615370665162
1047,0.12665756952082818,0.5767144801591456
1048,0.31493367517934556,0.5942620441977676
1049,0.25192195593358696,0.4796918485056266
1050,0.3018119869074055,0.41954523463957427
1051,0.2765145992707279,0.5085243458824561
1052,0.3009895354291701,0.6841806650321168
1053,0.26380502357963975,0.0
1054,0.44338219713329946,0.0
1055,0.19620292807639989,0.43226063653075236
1056,0.16035715936554834,0.6128058368450846
1057,0.21621639787973937,0.45670977668732066
1058,0.5473599082612699,0.0
1059,0.22620949227660167,0.0038621628111742577
1060,0.1825712930068515,0.32830506689139366
1061,0.5481102839742613,0.06259097525473072
1062,0.3618858339001067,0.8429535307425872
1063,0.3744548786143778,0.7802131751883314
1064,0.37387483421915,0.2666119934392127
1065,0.26558501353019637,0.40425104468016715
1066,0.5156286794789349,0.437457320747138
1067,0.2852934468464117,0.22977681904919936
1068,0.1370203371590414,0.1407249006393641
1069,0.2571092930100548,0.47339642057262765
1070,0.32015882836505605,0.39244040087566023
1071,0.3576748069822735,0.6901873401006849
1072,0.165611684174945,0.6812840872633943
1073,0.443488574473531,0.5832966857234239
1074,0.213322668956863,0.0951950298836112
1075,0.42313808697912914,0.5264702884517378
1076,0.5596614340049352,0.5286591396077138
1077,0.634677368307007,0.6546594216171113
1078,0.29994772259430624,0.6484125549731912
1079,0.18988178270560038,0.09609677221278425
1080,0.24258781998752896,0.5567177674571534
1081,0.35414049471644166,0.31776365224101866
1082,0.2840792986322111,0.38385353524975857
1083,0.38917622311193173,0.27308028596410017
1084,0.45016162675798355,0.49593473062315374
1085,0.7243142385423138,0.49150600108562353
1086,0.14808514356720462,0.183226560296547
1087,0.4471499008048683,0.4953404142758312
1088,0.5181706280205297,0.28609760526156514
1089,0.3699854011360297,0.46429029911421116
1090,0.4093879433134707,0.5090974816242921
1091,0.5123991789934993,0.5708172512166471
1092,0.3138202548960893,0.4431476209841399
1093,0.337217570074531,0.15819585496990027
1094,0.41353299908088753,0.4915510204081633
1095,0.5596839709915671,0.7306340561093413
1096,0.6037279837106383,0.5667324265393002
1097,0.5037812064262717,0.7780782888760426
1098,0.2626008858873858,0.49609848791137706
1099,0.2909888969398905,0.5128444168220426
1100,0.6164328199553205,0.3881172685305462
1101,0.4037267533751209,0.4041790804412594
1102,0.3101983679247313,0.592707970405591
1103,0.2565441896600702,0.6594880456857896
1104,0.5978551234993034,0.48141673950139424
1105,0.10369927012028289,0.48217167641718783
1106,0.3808464596250539,0.17716552133706626
1107,0.24581090408330036,0.3474268438508224
1108,0.2576936342345993,0.6921465194241767
1109,0.14102679053563763,0.7400076747520853
1110,0.20893448955512786,0.0374122475429312
1111,0.4083845035522982,0.643669385623016
1112,0.610450809001149,0.8978674960866825
1113,0.3593240557281252,0.25654280291679155
1114,0.23399781870604133,0.5412289335717012
1115,0.4639386009894964,0.4490293201246305
1116,0.5729337081776502,0.3898175987171778
1117,0.41368411747740047,0.650382260571646
1118,0.36054403425310416,0.4710829862223646
1119,0.33381533680591025,0.4864609504176598
1120,0.34645527574102175,0.5776466836734694
1121,0.4180468220425508,0.3737402015677492
1122,0.3087606777018012,0.41795127795527154
1123,0.4858858253169006,0.36428286056731923
1124,0.36291274713801647,0.5253963641060415
1125,0.3462631243704751,0.4430435478706372
1126,0.28425637648244745,0.4352067262560712
1127,0.3360296309506041,0.46565388377617634
1128,0.35838964432835974,0.6258016312807422
1129,0.32538642230422216,0.7254405020516534
1130,0.4499978752041017,0.404944911597664
1131,0.3964119595355421,0.37813810680098736
1132,0.3253530339958486,0.5919889613246411
1133,0.5074881860101143,0.4278982468751248
1134,0.4265462513454863,0.2601457104074905
1135,0.2712178233040374,0.49001113247647
1136,0.3789632205137718,0.3540728284587512
1137,0.34801852841446573,0.2603244542359303
1138,0.2277519896091086,0.26604909492631706
1139,0.31631205519055755,0.38303690839770843
1140,0.15282931614772075,0.7475275965365834
1141,0.5374117152996623,0.3921969605838245
1142,0.2353474086168488,0.5357573807416941
1143,0.5950781817370616,0.3317920469623256
1144,0.7026997305852926,0.4361049445005045
1145,0.27446059947597073,0.43532726572476843
1146,0.38513610633252976,0.42528081899616094
1147,0.39114228651010674,0.476144578313253
1148,0.3163745632372102,0.6573747503505716
1149,0.32695922021354246,0.6985737600227063
1150,0.1717016991589911,0.08957510279771023
1151,0.21180505200277933,0.4865344005005605
1152,0.49316468726284324,0.6860893746362284
1153,0.3277068984438879,0.4959834932590797
1154,0.4973657738358715,0.5204267864663765
1155,0.17319157239570873,0.36436642278886533
1156,0.3132330234972736,0.17333602666397332
1157,0.1646426134346813,0.36802220736328084
1158,0.3206356828421966,0.3908327850549275
1159,0.5990248050633028,0.350066235799446
1160,0.37449473864593547,0.7093337064950123
1161,0.37618087379174237,0.6774401029104358
1162,0.27886422379330106,0.5215686274509804
1163,0.3820562296618452,0.6455188344714393
1164,0.27293469601993225,0.3100353000504286
1165,0.46091647573847866,0.5291024625941491
1166,0.3503235756450504,0.3521270425408508
1167,0.23461134098774433,0.40078225772895604
1168,0.6279677139906782,0.5234075670498084
1169,0.4874733047464652,0.2764946201763611
1170,0.47217533647167165,0.3431488339505555
1171,0.5303309243966832,0.45243433696348495
1172,0.37421983762599575,0.60516500445958
1173,0.33035474828397765,0.5623754821754059
1174,0.408281140497349,0.3379137913791379
1175,0.5239286648647595,0.42368515023210734
1176,0.35075862336656205,0.46492022293314017
1177,0.25381712311456084,0.6008471281537108
1178,0.6610765367777361,0.5617887224329712
1179,0.3463370958951609,0.6217568866111467
1180,0.38952984908317273,0.4714331826985152
1181,0.4750324635042751,0.35890182663421266
1182,0.3595840293431452,0.3604109063755071
1183,0.492631105035117,0.374533703046141
1184,0.26144997926392083,0.4496040910590564
1185,0.32150906728284045,0.43963622431489585
1186,0.31741137598493147,0.0
1187,0.1754981983670967,0.3729769797800931
1188,0.26209252147693696,0.11706575446598251
1189,0.2194371540242691,0.3666558717564668
1190,0.18329724387226598,0.32932876999371374
1191,0.20906094377351506,0.24004100079206075
1192,0.7471122847388629,0.3312699761297892
1193,0.6560717911724955,0.21050611172845743
1194,0.4564686852847592,0.5870031900166522
1195,0.1878378471445078,0.09810196203924078
1196,0.5955698645620144,0.9432371250707414
1197,0.3030007918269468,0.5503431746377601
1198,0.25093711941007674,0.6183058033036035
1199,0.3217228587655651,0.617875047818471
1200,0.4590615467071764,0.496650605241509
1201,0.23810108623762866,0.1561293192341131
1202,0.4065617502466235,0.18409952251461362
1203,0.31293196764419806,0.34422973476227914
1204,0.28228142177789856,0.0648366963582379
1205,0.19587940202850285,0.48738292912355324
1206,0.36639399774451276,0.0
1207,0.3947485728239406,0.019270833333333334
1208,0.3817571429831808,0.3055614519210359
1209,0.3593296228146343,0.39079531691562375
1210,0.345559627057264,0.48571081606217614
1211,0.3292978250098519,0.04700664290343487
1212,0.11439950194967412,0.13820433138204333
1213,0.8367268339699893,0.5897066474566774
1214,0.3122063954202803,0.11802995035738563
1215,0.30860288684087855,0.7521707291557694
1216,0.15785686960204798,0.05718208340483954
1217,0.32902689091211745,0.08907773359439657
1218,0.3392136020131839,0.6156188465520391
1219,0.35916585393320316,0.27506824020552345
1220,0.3545006092526592,0.303908383257937
1221,0.5590340871132594,0.44342378096363516
1222,0.10518981596308134,0.38801659013479484
1223,0.34300922031246456,0.3792619052397102
1224,0.15296467667028937,0.06365551135033934
1225,0.7414210359536954,1.0
1226,0.3158098894116456,0.3026764222216926
1227,0.16713856507415992,0.1505822596630327
1228,0.061320949969188875,0.0
1229,0.35047408853032913,0.8916768310390892
1230,0.3237510702796718,0.450242033077854
1231,0.4001273704120729,0.2187475021980657
1232,0.33024896069196147,0.5239430975756362
1233,0.21370744863849112,0.4411283565415154
1234,0.735462813129841,0.9110410611208908
1235,0.38393242217058704,0.4016657278506478
1236,0.24251161164162446,0.8350942659405983
1237,0.5459909624369301,0.2872653837015918
1238,0.504201768649659,0.04074845740844619
1239,0.2084197065173037,0.2638846868651943
1240,0.35512572241905355,0.2843683394690951
1241,0.053882925192888294,0.0
1242,0.4126813159146281,0.5435651963160446
1243,0.35446868583483315,0.5812393632996296
1244,0.26262027927162696,0.36893611072277366
1245,0.46285638604294993,0.3959753066623908
1246,0.28917997744427676,0.3582267246790917
1247,0.5729245543796758,0.38769052053916564
1248,0.1920159993730136,0.589644533174311
1249,0.15384726781606362,0.590397225599426
1250,0.15895179063904605,0.6809674157535236
1251,0.294280462882563,0.08907433351607073
1252,0.3949244085043307,0.9783561199237292
1253,0.25808165174005165,0.36890231701948856
1254,0.18336972784211816,0.406464991461332
1255,0.2056376970523108,0.2726917821588913
1256,0.28172400160400585,0.7071252793256584
1257,0.17040354663655602,0.578668144746219
1258,0.28482291059534987,0.8643399335476377
1259,0.30620831327956066,0.6736236647493837
1260,0.26237686657259984,0.7674370911179016
1261,0.2590698631479819,0.4388044681493408
1262,0.03873267643995834,0.561236802413273
1263,0.22016327239370811,0.22095841277022005
1264,0.45811477735216605,0.5195077245352187
1265,0.33297301255451434,0.5565315270044823
1266,0.3966350508987866,0.4628727693720308
1267,0.23600678372892092,0.2033265306122449
1268,0.28977829631553237,0.45326126270948036
1269,0.4686442446849859,0.4951394295067569
1270,0.4507185811422663,0.5040738078121255
1271,0.5121284471095111,0.584022590270963
1272,0.25257070209934335,0.6488089295341547
1273,0.6632708983057618,0.2096826726223711
1274,0.6379114961505915,0.7711749951765386
1275,0.36043295740166886,0.31484083336678576
1276,0.13110133422810938,0.15908435917493516
1277,0.24749060231830988,0.11558627885744098
1278,0.2843051276021629,0.9384094279873332
1279,0.4289616626072231,0.9168822175604391
1280,0.5193726558732046,0.9075938724032566
1281,0.6308845978859695,0.6984187122375322
1282,0.6146643957816144,0.9651601316970967
1283,0.14777772742423698,0.0013706085098663656
1284,0.18074248606760265,0.0517013610888711
1285,0.14945816937331782,0.70128048413923
1286,0.21357522640066115,0.2849359297749975
1287,0.19697991341109228,0.406679012842707
1288,0.2795751997918346,0.0
1289,0.4886737820674642,0.22914090499444595
1290,0.2631341167042744,0.36049435329213725
1291,0.4362242903818542,0.6844424768075986
1292,0.04218203708225499,0.0001812871386846611
1293,0.15908756471150173,0.29058060609119124
1294,0.30291764805261834,0.4334046937836378
1295,0.181686144637258,0.23924234424498417
1296,0.442258504272954,0.6204960526598834
1297,0.289382721775064,0.5931298782078293
1298,0.24599784641403835,0.3421969742752966
1299,0.3659581789840233,0.41620055123216604
1300,0.5476838172422316,0.3896853883018187
1301,0.34250944021162755,0.39890557597060233
1302,0.23855818244275134,0.31567528475863316
1303,0.23255275922142188,0.12481665874770177
1304,0.26419671212525925,0.5613512970038206
1305,0.3856615018395253,0.5954217112625902
1306,0.2917604070117987,0.4503713421214109
1307,0.320396610016626,0.38100581045882587
1308,0.3012029366628997,0.37529779784964057
1309,0.18918884199998223,0.3988181965355351
1310,0.30654046570214866,0.322300474303431
1311,0.5852682996491009,0.6909193343930461
1312,0.25348861422573954,0.6620770560632255
1313,0.2312460027009756,0.4241562188852539
1314,0.5421621567921169,0.41295411389103354
1315,0.5103259393951288,0.4722361481540899
1316,0.21261234398549028,0.3808125611711543
1317,0.3269457256004654,0.6166838394246116
1318,0.3402186582031272,0.5311988357285792
1319,0.37974780557415155,0.4551933995016951
1320,0.18354170116215726,0.2734943962321748
1321,0.5322752969920692,0.7378686477968114
1322,0.3470133693111312,0.4856993021098068
1323,0.3839346332008982,0.33736877751439215
1324,0.3522686492700921,0.8360590202064253
1325,0.23190260387442785,0.09997803558235659
1326,0.10710480594859279,0.1738354163285181
1327,0.12697851984888886,0.148842359573183
1328,0.2865683189314263,0.3704244509341121
1329,0.25703588039300057,0.5451340904083799
1330,0.2224616880276504,0.2220010274852299
1331,0.2668998212482718,0.5213236773285054
1332,0.15047714225064374,0.2814841745945182
1333,0.33464605540747416,0.5467238014766532
1334,0.20652768171616867,0.0
1335,0.146270472939564,0.34812665884821925
1336,0.5419900522499431,0.6386172869219893
1337,0.34064290514877893,0.9763906722445429
1338,0.30943684795574333,0.8945831290370718
1339,0.4023752192022836,0.4776534635630367
1340,0.21234357442395213,0.3384624643903222
1341,0.2980567885043043,0.10293909706090294
1342,0.507085300876146,0.0
1343,0.5915500837283427,0.0
1344,0.31447852980581376,0.5133780615956672
1345,0.1701575010746474,0.3452082288008028
1346,0.29553527313876354,0.1463723030607125
1347,0.18450669252875002,0.20826641185679143
1348,0.4472936485261777,0.25036480300637654
1349,0.45534968583187857,0.34326632452279043
1350,0.3445112547051473,0.6569476539736763
1351,0.7184575914230679,0.04283197310597622
1352,0.2533066247750248,0.05799898153359599
1353,0.6157193897097032,0.5234855045568889
1354,0.29328947592775795,0.35381236398807125
1355,0.1537630457412267,0.0
1356,0.1809552946657795,0.5358137484722807
1357,0.15597154609237526,0.35624014215265437
1358,0.25627911892109306,0.5752590009231716
1359,0.292467418583768,0.0
1360,0.3249393091390261,0.19845434207850315
1361,0.3569482783331936,0.1383559800887932
1362,0.2699367607204493,0.0
1363,0.36678137350424467,0.0701012839939389
1364,0.6090296147936005,0.3731337186740467
1365,0.1917907008306298,0.1396953783626084
1366,0.4491710737270075,0.0041841004184100415
1367,0.5085356656296317,0.22907462567219078
1368,0.07126221793031935,0.10761443661971831
1369,0.32851691397615496,0.7464619961572629
1370,0.6285506660969745,0.30512694108947497
1371,0.3496413881496626,0.9476383330537516
1372,0.10765167809921887,0.49280945561628914
1373,0.4623211249800534,0.8785581531839969
1374,0.38702907604538006,0.6350344211359991
1375,0.24325826367299702,0.797665197262034
1376,0.15642370641408815,0.3213654911992204
1377,0.33741358612699046,0.6986494091164884
1378,0.2829481795543465,0.6225740772829665
1379,0.29216639455018295,0.6012992455993295
1380,0.33692374780443873,0.3658802329966894
1381,0.2702330147267202,0.32168067226890756
1382,0.27151021470768505,0.48109698910125803
1383,0.3514396529507923,0.27433412567806426
1384,0.25234154482269994,0.34925616722114117
1385,0.3349602274273549,0.4205449031734282
1386,0.20818500514594443,0.5835256820267527
1387,0.384856929493084,0.2575799944073823
1388,0.2136853351859369,0.0
1389,0.4412620941392035,0.46870913882239346
1390,0.10154148057080711,0.19566269921323381
1391,0.27662085446647294,0.43967833794569444
1392,0.2206042377921244,0.005930569970135344
1393,0.5057355863893657,0.9707940531833426
1394,0.2783410371367566,0.6682124465168712
1395,0.25366788797137446,0.1888664816404768
1396,0.6054877294592014,0.7317926601025307
1397,0.32922510129197013,0.34621899576527526
1398,0.2957794723161762,0.7986969595723354
1399,0.4507602560953279,0.3326992390869043
1400,0.2377832010058116,1.0
1401,0.32413763179696,0.5993146684319146
1402,0.33500242139672154,0.0
1403,0.28360794474593043,0.6462158984960882
1404,0.13968321603092135,0.3386395653048903
1405,0.5773438064352157,0.7949677815280761
1406,0.18768939272205643,0.9326609377998593
1407,0.2866755484743779,0.889528122896138
1408,0.24866425242094722,0.8131484334874165
1409,0.4666061289930445,0.8315173363577446
1410,0.31927365954673853,0.7848048073286549
1411,0.6391031117156603,0.8834362642733372
1412,0.43282163497254833,0.5524489631243444
1413,0.5065780772781802,0.8440359510350156
1414,0.3596645159279301,0.6526262006948702
1415,0.223169454164737,0.7950093473136634
1416,0.2504105988257165,0.7930428531490874
1417,0.3814555149215429,0.417098131219157
1418,0.22448740925432667,0.36193539251977264
1419,0.3139505015404287,0.540302973630073
1420,0.3987634077365112,0.33738906959000925
1421,0.36592216845330894,0.5508077683251698
1422,0.2554973766413224,0.3947596308484054
1423,0.22217242569627574,0.4815786312122062
1424,0.3026076110826522,0.20615237868129246
1425,0.1723126447121921,0.46657153551043323
1426,0.15811267949441163,0.1635759202146834
1427,0.3517171417582526,0.30573388532229356
1428,0.39673883310603847,0.3832709879192985
1429,0.3945897780239254,0.32616644406980055
1430,0.5135200069121088,0.5599936028147615
1431,0.5142363682178055,0.38802067740454665
1432,0.2553391988477555,0.3608962283057437
1433,0.6589348083473261,0.5098508674038754
1434,0.283885299015722,0.17682256685798023
1435,0.15211795494621175,0.16978631105398456
1436,0.11413359308180698,0.5663722144147761
1437,0.1834049633389095,0.43515041389057135
1438,0.005087572977481234,0.9846431797651309
1439,0.3287238879523996,0.9967718794835008
1440,0.28304781570389703,1.0
1441,0.1655270456099441,0.19935557634341544
1442,0.7107396630731266,0.5633547306726208
1443,0.43903992048803436,0.0972515007327993
1444,0.2951660567601552,0.5035382574082264
1445,0.34875818731309094,0.8127313101406366
1446,0.2654903398698925,0.7205005707521245
1447,0.2034448669391902,0.8004588229786038
1448,0.35447532258099057,0.3519785002306412
1449,0.31009018978298236,0.7141182381510635
1450,0.10390754026335572,0.4886273229840273
1451,0.2965997318872484,0.09963217655525348
1452,0.5383114162119292,0.6556236435593004
1453,0.22816186412677641,0.8109672085974098
1454,0.1877344934232659,0.5338270529296449
1455,0.16349713162971022,0.3552258709784964
1456,0.4466171717043288,0.3670372139476312
1457,0.3291120641555893,0.2674601016545002
1458,0.4692407213110591,0.6057979320390668
1459,0.17163576111258172,0.3300124894710854
1460,0.2567299988656289,0.30040133779264216
1461,0.2714499832130727,0.34457023591170705
1462,0.45302469419836905,0.4391762954264265
1463,0.4380133658455424,0.33794441398507025
1464,0.2870761249596297,0.587755440071223
1465,0.40554185132110704,0.2436608472345109
1466,0.4177611987404676,0.7433057500530448
1467,0.3013479754270528,0.49519309441989856
1468,0.4208093748757896,0.3223413762287757
1469,0.5645884361793345,0.425234719695544
1470,0.48213606597734215,0.47181971538561357
1471,0.41745939563568235,0.3058718861209964
1472,0.3793835923931204,0.24916049595315998
1473,0.2692728562516737,0.5206559785661813
1474,0.11771540632156266,0.19541278128633638
1475,0.4690035836280713,0.7876483489454158
1476,0.3929033910467882,0.39066129616605927
1477,0.5416306347496546,0.3789183817135285
1478,0.25034525569003824,0.5240740324285426
1479,0.2896407430916088,0.3758149807802578
1480,0.31957335666577197,0.5475522485158982
1481,0.3513645658197587,0.3584373574420437
1482,0.40909885974778026,0.5092476489028214
1483,0.4020418391539327,0.6138814016172507
1484,0.4774795000775137,0.40691796813019926
1485,0.32508408831220015,0.48431922488526263
1486,0.2573018920327076,0.357011566394692
1487,0.4296313583314266,0.21633935585231737
1488,0.20396096553502865,0.5185983053281632
1489,0.2782694085824305,0.668087661362954
1490,0.2581119956946464,0.13062468257998985
1491,0.25212501929144365,0.14347138279316918
1492,0.6297662700188096,0.4019824088445933
1493,0.5590920168188424,0.33424899244079964
1494,0.30260251619477035,0.44774479913916787
1495,0.18423191200679012,0.0
1496,0.3416117667541854,0.7261549698703512
1497,0.2299921940898065,0.35258964143426297
1498,0.4047879877121895,0.20411348085310713
1499,0.4166567480615762,0.6232287246817709
1500,0.32197388377042846,0.6941547778986202
1501,0.16418360603695872,0.6980167200284596
1502,0.3101209321990616,0.16803407026993172
1503,0.3485481535378152,0.3516087144712163
1504,0.3966146479242212,0.6105490895250305
1505,0.4109923181576095,0.5137532186209998
1506,0.30151490220484245,0.38964108731261277
1507,0.40068557004388167,0.6101094853166888
1508,0.275153862598523,0.35752564076831983
1509,0.2691107280937412,0.3923764047256411
1510,0.2883244287064422,0.42214470439646357
1511,0.43068006877483833,0.7734832183723128
1512,0.27745236691565467,0.5519410239130879
1513,0.22726984192061161,0.3944610174957672
1514,0.41611103853947906,0.4808786979876533
1515,0.1984654330287852,0.49165874319301583
1516,0.42954055964625426,0.7084566298286934
1517,0.48713683534440827,0.4604207113263815
1518,0.35699673859062914,0.43140918877198686
1519,0.3225470488002127,0.4549845672826392
1520,0.2535607121796048,0.6984998901384256
1521,0.32345648798499305,0.620258858650091
1522,0.33727417592713904,0.5815795839380745
1523,0.4571730917669784,0.3770320925291158
1524,0.3320518829026808,0.7040739764362338
1525,0.507888153825719,0.5385322976287816
1526,0.26971045630265844,0.4542134098617271
1527,0.2052608857175824,0.39271090105323203
1528,0.34399724275904653,0.5072815039615455
1529,0.2908331038594779,0.5855113753664478
1530,0.2812934412412527,0.3905909626876112
1531,0.1944691785615418,0.0788420946828827
1532,0.31413064080346553,0.8418824598356255
1533,0.12811062997881423,0.372022616087898
1534,0.3662994091554398,0.7444771991119846
1535,0.34189356755858563,0.23252894109635683
1536,0.12355731375365246,0.7424674519528828
1537,0.23445178917996076,0.05106279998386641
1538,0.23764709806964632,0.24852777663385908
1539,0.14000842893602397,0.0
1540,0.4045826135454827,0.5531401586120165
1541,0.24568004701449253,0.1727591387080621
1542,0.3987150938395791,0.30305090167539683
1543,0.28008574205574144,0.603892770250664
1544,0.20256909701451956,1.0
1545,0.27949068165946644,0.07736647752859588
1546,0.46366790966116833,0.5301509555163
1547,0.20152340240214123,0.7629725051326436
1548,0.28840552789090046,0.003914902384999743
1549,0.3221905222954743,0.4200675851312711
1550,0.27230456712333806,0.5173362243771206
1551,0.409924026637436,0.15165238678090576
1552,0.4535754692019203,0.24339778949708027
1553,0.2964607223386399,0.36265252446858964
1554,0.1636704060663373,0.1747238965977588
1555,0.556686321540442,0.4129559521663362
1556,0.4745807197894083,0.26361770860846423
1557,0.4877938418428958,0.4292312406969617
1558,0.5606065199611892,0.14871063092447254
1559,0.19354374262425536,0.38899563668387976
1560,0.38558567553265183,0.1155852417302799
1561,0.2265134442935223,0.7856062662375431
1562,0.28745795442486116,0.5394728870039383
1563,0.2594977701980256,0.725877426075126
1564,0.20066158189940195,0.7691092926434094
1565,0.3739817843811907,0.39186168139959393
1566,0.34253413318629466,0.4927372697057979
1567,0.39710139701053576,0.29899713753828294
1568,0.3730326594200777,0.45009955707261573
1569,0.23635150381501893,0.8468479429000142
1570,0.2676956250072985,0.7507785012334695
1571,0.2927353268549594,0.305810952496169
1572,0.10839255359519599,0.16948975760357127
1573,0.17474726231129856,0.26340212480156305
1574,0.19235188362645603,0.8082141547488082
1575,0.23755524522766935,0.5026024396615824
1576,0.2308261898647322,0.27219527836787044
1577,0.41304361401972023,0.539118558382257
1578,0.30791766742176196,0.5267551253466747
1579,0.3333837047170578,0.4844074006965835
1580,0.25315390020430734,0.3168099351595666
1581,0.40647721248188406,0.42903272546624993
1582,0.25122787490424886,0.8505522805464459
1583,0.11506648111817118,0.3262836954943619
1584,0.41773102418425784,0.499739924682188
1585,0.43441466277939417,0.7589946877012235
1586,0.4703484556013462,0.09801449101317002
1587,0.5845289723856948,0.46805917458182733
1588,0.20681986108494924,0.806285725993157
1589,0.4758141615305482,0.17094343414046018
1590,0.2767391387351694,0.5893703798113689
1591,0.31536411067872305,0.745890693665477
1592,0.36409603511256167,0.0
1593,0.2298294934412697,0.5064420018520756
1594,0.35289160150417204,0.6974732949876746
1595,0.10022170912811902,0.0
1596,0.1746008016608332,0.6853073838957567
1597,0.20895326593083413,0.7326516728029454
1598,0.2841731703304657,0.20280707414950896
1599,0.057976906376784036,0.0
1600,0.34665498255274596,0.6786200074193149
1601,0.4029650744419259,0.29165314072390847
1602,0.30066831717085507,0.37924357034795764
1603,0.20929296588699867,0.8640814407489932
1604,0.6964853163222496,0.4483798343652006
1605,0.40295907712591816,0.7834327342592963
1606,0.3403600972838496,0.5581765342271059
1607,0.38453959393738935,0.8288725698448343
1608,0.1717489235220584,0.8833679664262722
1609,0.18951871336718928,0.4367744276039987
1610,0.2675175404440655,0.1758668738946353
1611,0.46132333400665626,0.647899638078972
1612,0.3095360582988899,0.8607698771557761
1613,0.31700745682311104,0.5397805900403121
1614,0.2101495259298831,0.3271603575764264
1615,0.5113143121046543,0.6568891610532762
1616,0.23413809606822777,0.30988917306052854
1617,0.09340952522770704,0.0
1618,0.20572234948155857,0.0006820846211233081
1619,0.25771974239316897,0.5649943218689163
1620,0.43810017466575335,0.35650655463886216
1621,0.3596258425982663,0.8135402034648619
1622,0.5930624680584334,0.7356479678629255
1623,0.2246838342546075,0.0
1624,0.26428068106754465,0.9181046850022544
1625,0.148983090106752,0.39257486961664606
1626,0.39726667227697066,0.0
1627,0.23634277408329307,0.5656021275093549
1628,0.28723535838718445,0.4358939741685793
1629,0.5016884432497453,0.16345997065057882
1630,0.24297621342586642,0.0
1631,0.11146361747538559,0.1482101175352709
1632,0.06362504414086889,0.49470734744707345
1633,0.4011371066982329,0.8447261478740826
1634,0.07171993505078457,0.49634779785737476
1635,0.2502954755189998,0.10163095886964907
1636,0.16329060579778681,0.5250073192153801
1637,0.23807462541764282,0.5583830512601973
1638,0.48053372698895197,0.7271420011983224
1639,0.25461649938102626,0.7841234974678137
1640,0.3209115772646889,0.1662508873339418
1641,0.2186382915741771,0.5887084203635004
1642,0.5999882938944135,0.9126867676538056
1643,0.21424887710811832,0.4892560944961046
1644,0.25223611948641744,0.46677131183490683
1645,0.2706407049124141,0.5139006593770025
1646,0.217476249939765,0.2685718095153441
1647,0.11853293021228031,0.45101713062098503
1648,0.31093662784475024,0.0
1649,0.2800997164903712,0.042335240686647194
1650,0.10813446008159372,0.22993218249075215
1651,0.19917818601318507,0.0
1652,0.4785702336929887,0.34095449500554936
1653,0.21246323978864834,0.62938442930804
1654,0.203549910236931,0.30733871612439045
1655,0.2949318893350726,0.7922293295427624
1656,0.25775160529451724,0.6357491246888345
1657,0.03429542825113892,0.053468961919666144
1658,0.26208029038213965,0.4886665593042918
1659,0.2653539886326212,0.0
1660,0.15175176959293496,0.19289924479646345
1661,0.26736272930584387,0.006450062096871119
1662,0.222352028431646,0.7455365572222805
1663,0.36653523462126825,0.2875690165639754
1664,0.15805935551642278,0.5281051310087879
1665,0.4173485119001053,0.1506011478362867
1666,0.24508934871370253,0.0427208875409051
1667,0.23648519913992466,0.041455245582719964
1668,0.3015735608334853,0.23841187034978192
1669,0.3295343087236576,0.1364366615792433
1670,0.2089461185378966,0.428190522360926
1671,0.24489797504267127,0.8036191041234055
1672,0.33975521493550825,0.023783587509077705
1673,0.43206928043345383,0.7557155041501112
1674,0.29240603656518216,0.0
1675,0.21579110617470565,0.5788029233093835
1676,0.18575639482191822,0.5699440125669634
1677,0.33798419520267653,0.8272716115043162
1678,0.22617850638408524,0.607806063880073
1679,0.33850352729107774,0.6206017199750413
1680,0.288612618186845,0.4067318044242215
1681,0.35389197354274365,0.5404765928680074
1682,0.3063186444589331,0.7759917920656635
1683,0.26054744283651554,0.059458808414967076
1684,0.3120168919141588,0.17328337934358704
1685,0.39482149657644,0.29896639795674035
1686,0.3997168960828436,0.257534412709963
1687,0.34750721759894315,0.6846301897167996
1688,0.28409626871652793,0.2704436351597418
1689,0.24807925316368531,0.275201653763528
1690,0.36151694007264645,0.0
1691,0.18480305640359201,0.011613115023185194
1692,0.5001031008979335,0.024617056822527728
1693,0.30774702671512927,0.9355982452274594
1694,0.3719963405788855,0.6984033236935359
1695,0.6847120478330481,0.7530884232306225
1696,0.263659138257424,0.5476424581005587
1697,0.1765759725110841,0.42743097238895555
1698,0.3755074296750689,0.5825945685747523
1699,0.29669122038250845,0.1506547595210444
1700,0.4250153855385996,0.20806590286525503
1701,0.14928862097555032,0.10523063429414345
1702,0.26642994597649705,0.0003757367963741399
1703,0.6719144134058708,0.8004772924501012
1704,0.42200411239933705,0.33340686225359456
1705,0.1649361201012218,0.08230947293447294
1706,0.21415264854219052,0.4058291751049126
1707,0.285603811761931,0.7654647911193967
1708,0.17180288539599545,0.7893653375054038
1709,0.29528170779243074,0.3507875966987739
1710,0.24897623650160408,0.5757381965730919
1711,0.37169675486389014,0.5027479665047865
1712,0.39911249616207883,0.5566236952718058
1713,0.3395119585989709,0.5791718033184454
1714,0.440657773431694,0.7571323918440438
1715,0.21970552292343912,0.6211502707946003
1716,0.18147881989209308,0.8427065026362038
1717,0.36618749656295446,0.11434617184479846
1718,0.48801425168589224,0.7349494949494949
1719,0.2870296991214465,0.6076110554442218
1720,0.48484204061049674,0.416578595784562
1721,0.2606233158489023,0.3646075990039361
1722,0.24873294573416263,0.34409160854533466
1723,0.2618856059433735,0.17101218976728627
1724,0.2891981585088174,0.6822026237017096
1725,0.33031264159492524,1.0
1726,0.18751167546450231,0.4092289505329882
1727,0.15759214785863312,0.17296523861627808
1728,0.32101009967070965,0.6972950784254418
1729,0.14548137165865532,0.0
1730,0.2694097842913433,0.13060656308215113
1731,0.5974323678132588,0.5664860645576013
1732,0.30220884265250564,0.10690294416648394
1733,0.16204282629760045,0.0
1734,0.2738264498558004,0.5786086357570278
1735,0.3278818627047369,0.4416028046834618
1736,0.18702624135020976,0.19135802469135801
1737,0.2811907110390309,0.6461492057108386
1738,0.6283060560581913,0.96498
1739,0.6373054660767441,0.379438654050053
1740,0.25344354663111157,0.6285642401878564
1741,0.31484151581380687,0.0
1742,0.10084944229638938,0.6433195997645674
1743,0.32601510531924305,1.0
1744,0.31923868306900627,0.0
1745,0.3519722729534471,0.7428071998866159
1746,0.09785142564139525,0.1898422697408893
1747,0.2115974909595892,0.0
1748,0.1426354338234931,0.568728699783125
1749,0.4790675700957022,0.8810007850083533
1750,0.13716633311631293,0.30124921597323856
1751,0.48638727671485515,0.22477396444174474
1752,0.2924077152342887,0.5206754447683184
1753,0.34994526300548157,0.40352158390133075
1754,0.5728424092819239,0.2455164884045371
1755,0.4641503347439648,0.35179719403226456
1756,0.3923881322574963,0.2508288856542132
1757,0.23095565017765843,0.5730422591628279
1758,0.3283863401965655,0.0
1759,0.6211284935987134,0.0
1760,0.6952184474813494,0.5045905176801091
1761,0.1812418669582517,0.27369093486115825
1762,0.8106482515008961,0.1527220974983964
1763,0.15940871471127963,0.2577013859468619
1764,0.1595074796775987,0.001307002675271101
1765,0.44509123422689695,0.16795354996434755
1766,0.45010778020436426,0.4672729089637254
1767,0.3259094885324373,0.28790141896938015
1768,0.1509996022965318,0.33054460622636955
1769,0.20132787894075455,0.3545385415832866
1770,0.20847640545621024,0.5130977887375187
1771,0.3596009795296787,0.2013565807209009
1772,0.31212336289598497,0.6523157612174524
1773,0.23892437940641523,0.605002330907838
1774,0.4220512721612483,0.62495234655591
1775,0.35637523687585304,0.8387022490596935
1776,0.37151653415676406,0.21854012549868687
1777,0.34659354452812124,0.5416859984265628
1778,0.20010112216663054,0.1866504447054875
1779,0.2938494976861181,0.37182977503940395
1780,0.3351875387307277,0.662551357447837
1781,0.30438976907630366,0.23724775784753363
1782,0.46067739090433846,0.08785878185258242
1783,0.35662800297163555,0.3567469148290512
1784,0.4259937784917282,0.006080552266661315
1785,0.3660483267815091,0.17887631944152405
1786,0.2918841512960782,0.04623827838036386
1787,0.2809991339986903,0.6720181642822697
1788,0.2757691891946258,0.33968040164084984
1789,0.3173818258552548,0.34648675662168915
1790,0.413069542600529,0.3514607568540061
1791,0.3759212187743316,0.3057702423825517
1792,0.3208043399409157,0.18332727493032835
1793,0.5830626547914554,0.2909087150653216
1794,0.2880023778996839,0.25002017267812476
1795,0.4118899252409794,0.3092357390798371
1796,0.2671002250740707,0.15579371212429333
1797,0.44227539384710657,0.2614123581336696
1798,0.315992975315698,0.0
1799,0.40051103502571345,0.2677918424753868
1800,0.3481559965791614,0.35034388722905097
1801,0.20746100239015908,0.4186665591094261
1802,0.3014342364170351,0.4463690872751499
1803,0.32142762722267854,0.3290700989776384
1804,0.5102421068153222,0.303346022841114
1805,0.29345462083986296,0.3415244732836658
1806,0.476074822899428,0.24189946402468734
1807,0.32273063328783336,0.07473623095557469
1808,0.27695417619200585,0.4096368631068156
1809,0.24494995269062167,0.11782208278514321
1810,0.2527851373260621,0.06068415648217126
1811,0.40223003104895094,0.23044633261006225
1812,0.22495652994636808,0.4366271303080598
1813,0.6569127056403992,0.41485094632455205
1814,0.360353550827438,0.0
1815,0.15397910544715424,0.2686070519373785
1816,0.22657562958259825,0.0853530465580792
1817,0.20989214548210208,0.32227612694562363
1818,0.48185906714316834,0.38884936685704996
1819,0.17808260117684857,0.3062055954722434
1820,0.2928563630485676,0.22052682300032123
1821,0.24038562848121103,0.10296898258035966
1822,0.25915734911812893,0.03911356209150327
1823,0.4463651476899253,0.0780991902018452
1824,0.2331893621047757,0.26498108295024614
1825,0.3718228456689675,0.44088604760062705
1826,0.3406348210392462,0.37966963676583076
1827,0.20846783586406278,0.23037768278171963
1828,0.3661829094523218,0.05513136535802321
1829,0.2694594204951157,0.5643295988435129
1830,0.2688226680113517,0.5204996147451235
1831,0.36895212740472244,0.4068780160039093
1832,0.27177415156711926,0.260280883005771
1833,0.24082279919020275,0.3878760810426733
1834,0.4442925935057428,0.1861823566918283
1835,0.31898343468025175,0.40768112430336806
1836,0.3874200387690899,0.12922871479443185
1837,0.6636941279767218,0.4068222982491447
1838,0.35847774452927816,0.33650654474854386
1839,0.4290199905661291,0.19799676244435452
1840,0.27478934803808824,0.4229229026777769
1841,0.2565322612030304,0.4352981233351359
1842,0.2657428330611859,0.324369916658299
1843,0.30260737784133623,0.299157781023066
1844,0.430304756137572,0.0920787693298969
1845,0.20885994828824844,0.075248171902447
1846,0.31903468154451065,0.24615756015128348
1847,0.5161724626694801,0.4556500850765689
1848,0.4493483489894137,0.061621773966260014
1849,0.2300596091205459,0.09642627173213136
1850,0.5331200628020409,0.20305514904877414
1851,0.5064722804768682,0.23734800349160592
1852,0.4354124147152692,0.3272798081456126
1853,0.31985951706020427,0.19317726288783774
1854,0.4287305307568232,0.15636422058882596
1855,0.2897238105044009,0.4424537018438919
1856,0.2933340116187885,0.6386494718423952
1857,0.44242850943798795,0.2034648739768873
1858,0.34125999409216573,0.0
1859,0.6683417061093491,0.23356096374799895
1860,0.5383486266504328,0.4544374886773083
1861,0.6142978746576393,0.45075253197756526
1862,0.4656912475470111,0.37722821993472255
1863,0.489573117663273,0.4622035923293441
1864,0.5112635754254782,0.4292356105979088
1865,0.4097182882325844,0.48091229643519556
1866,0.8610951472999178,0.44049358662120475
1867,0.3831371144315812,0.04173447162206144
1868,0.32111807110393265,0.28869470013381454
1869,0.45681406461324486,0.38402077542656576
1870,0.7051088741253226,0.3132348753000529
1871,0.35114716240107535,0.3686388592968942
1872,0.4295062527936503,0.42213697073032114
1873,0.41172536640484975,0.3123685949420316
1874,0.1549688864239883,0.5134137686302342
1875,0.45336809065452477,0.95169671050002
1876,0.22041864912897857,0.13412067093572047
1877,0.25247805961442066,0.5798696099736932
1878,0.3271654135714044,0.5021436120361323
1879,0.2158979130790045,0.6618072289156627
1880,0.19750713723558438,0.815551645539249
1881,0.16265996618350786,0.6466396426634995
1882,0.22359894767106953,0.4000048034200351
1883,0.31996162079228024,0.8336614948413011
1884,0.6288227764005495,0.0
1885,0.41204892883340627,0.8483905732121434
1886,0.25895624792366767,0.5117440660474716
1887,0.28161731530887113,0.6234424025100852
1888,0.16756725309365408,0.2983688630490956
1889,0.4123987084653812,0.6149226241716883
1890,0.4566228723754945,0.41854455862027523
1891,0.20742746174304974,0.5707724599430578
1892,0.5432260946454365,0.41787374821173107
1893,0.15144766993298592,0.3765871968563972
1894,0.3027592356220457,0.17401569491601646
1895,0.6083064456765044,0.8072279507458204
1896,0.09323422403199769,1.0
1897,0.47720382121035393,0.16183015381412175
1898,0.3314470335877805,0.31803001566751876
1899,0.2734549346283602,0.4616167165150868
1900,0.2760723387205465,0.24322395121652765
1901,0.2633334314423489,0.2691445761240435
1902,0.37519721357787983,0.3142084251401645
1903,0.10082995513292897,0.02295120656085905
1904,0.5269031242246021,0.7872901678657074
1905,0.3655835946557738,0.051368335698358
1906,0.34568455671736764,0.6775067181726571
1907,0.3150513860828932,0.8087286221361729
1908,0.36575155115506813,0.3690719542109567
1909,0.20735131683509853,0.8063189296691375
1910,0.29491846061140864,0.4515823994527493
1911,0.37664951136895614,0.7496723965158406
1912,0.20156348121770934,0.8875506405343261
1913,0.15683962117288885,0.5437811246194479
1914,0.12856241146299985,0.0
1915,0.4600617873900202,0.8265428677014043
1916,0.24839898973849261,0.10143212451861361
1917,0.28449180003123997,0.033587236849997
1918,0.15278528674429823,0.2781981981981982
1919,0.06690443846130838,0.3046190631453103
1920,0.4123093528222538,0.5750215435179061
1921,0.628612209765577,0.3463961384275546
1922,0.2991859601376847,0.5926977190582181
1923,0.5923185174796831,0.23240738458504842
1924,0.30768618924548485,0.2987119321018472
1925,0.560140962590922,0.7867859571574295
1926,0.29925474196101487,0.204622430503781
1927,0.19041020753884128,0.3663529573401113
1928,0.1585955816022249,0.8145094578944466
1929,0.41412473046941295,0.06193203667348054
1930,0.5597482391221738,0.4069989615784008
1931,0.4724392626393139,0.47145126417508715
1932,0.17853900162189576,0.7488334674175382
1933,0.2553037582224153,0.602211016291699
1934,0.1790112770097054,0.0
1935,0.257193676417448,0.6716899892357373
1936,0.41561165063570155,0.6436284658791053
1937,0.709469470275095,0.5500727473923646
1938,0.32709093115630117,0.056658806007198706
1939,0.1770152286004639,0.3652044885467866
1940,0.13353693058809635,0.22426041777118014
1941,0.6125633599553176,1.0
1942,0.1586813247577699,0.5526395762785448
1943,0.21280944007640054,0.43801468046603365
1944,0.3640826436221809,0.6936217506740486
1945,0.35132597440177427,0.4346105414642921
1946,0.41415553025059776,0.7481905849252788
1947,0.35190485962984736,0.14418510659795897
1948,0.23184519976664036,0.3974972619965116
1949,0.40179908287777566,0.400123507616303
1950,0.28095630103433894,0.5129528476182826
1951,0.9446447146886477,0.4444845205891193
1952,0.36890792433444397,0.32148672854583943
1953,0.17478326678634687,0.0
1954,0.11673013768610131,0.014818631492168178
1955,0.0649387612375153,0.06736671343388285
1956,0.4418301469942247,0.32581700002006136
1957,0.43753675980160556,0.5269284083496413
1958,0.27379541990316364,0.40861873072553156
1959,0.4796650772907813,0.40976384921752423
1960,0.23679555172460318,0.47898565366740753
1961,0.4295847269307333,0.16600877192982455
1962,0.1521274061540669,0.11231825803339689
1963,0.33038241239892185,0.8833333333333333
1964,0.2625253754785081,0.5552165289976679
1965,0.4235265903879564,0.5531923723362314
1966,0.3290302290149735,0.286496387503816
1967,0.36437810349208105,0.4310425337529185
1968,0.2976757002542279,0.2863026958008114
1969,0.34180280170719873,0.2650257584430452
1970,0.3471710208977046,0.3218033186920449
1971,0.3760307152966074,0.22118780096308185
1972,0.4967813358481283,0.0
1973,0.9680955417242829,0.1816300864132419
1974,0.3844561455971081,0.11453012243574151
1975,0.3632757342942866,0.10001205448627798
1976,0.07832211251026334,0.0
1977,0.4255676954683074,0.7007481296758105
1978,0.07968766181313561,0.7912588116817724
1979,0.5516325631296439,1.0
1980,0.22150765573200076,0.5361392684001763
1981,0.7201749504941048,0.9542006238052118
1982,0.21431600286575558,0.16986395520426933
1983,0.1004945928321533,0.17630098785272014
1984,0.3593188808938102,0.4470333460327645
1985,0.2531097741618408,0.195765178123432
1986,0.3804665217985222,0.4982500261972126
1987,0.11495969707357614,0.03931149136323088
1988,0.6632955166374025,0.0
1989,0.47657744558714105,0.43536961918023853
1990,0.3655508625631675,0.7128534756331737
1991,0.42131841471866677,0.35614420884862913
1992,0.33778829762327484,0.020402448293795256
1993,0.27247845642953017,0.35013193143593774
1994,0.3749923149866013,0.6691887252687686
1995,0.33394984757221785,0.47767874985012587
1996,0.32483942452407155,0.08244745597662907
1997,0.3002914080400647,0.30790179822980496
1998,0.3563036194538388,0.14932420872540633
1999,0.08646232350762857,0.39943791517629024
